,Region,Average_R2
0,1_10583_1961168,-7.026606702618238
1,1_3666172_4320751,-0.22364570175760257
2,1_4320751_5853833,-0.19163620982763038
3,1_5853833_7187275,-682.4253143725078
4,1_9305140_10746927,-1.429786510032177
5,1_10746927_11717784,-0.9917735447089004
6,1_11717784_12719464,-0.9372681982411167
7,1_20142656_21410095,-1.070874374230446
8,1_21410095_22760390,-92.47305881407003
9,1_22760390_23594100,-0.7611992994160423
10,1_23594100_25190354,-1.868466928370599
11,1_25190354_27075376,-3.201125001716933
12,1_27075376_29689034,-2.0800432523322914
13,1_29689034_31973084,-1.1589948528618008
14,1_31973084_34334157,-4371.812476857439
15,1_34334157_37083582,-1.7895934405189202
16,1_37083582_38266175,-0.2929488134505
17,1_38266175_39734895,-1.2083648564631084
18,1_39734895_41509656,-36.95306849680799
19,1_41509656_43292786,-2.0331877833156535
20,1_43292786_44503511,-1.039294255940894
21,1_44503511_46433829,-1.8112139292800618
22,1_46433829_47536904,-0.7755669216832459
23,1_47536904_48512516,-0.3247263503551546
24,1_48512516_49428505,-0.46892077099236784
25,1_49428505_51248054,-1.5681989573864117
26,1_51248054_53760589,-4.531696741125705
27,1_53760589_55947444,-1.9270340643857167
28,1_56556055_58399727,-5.834269808146758
29,1_58399727_59424737,-7.720570508944178
30,1_59424737_61456693,-4.542095330969213
31,1_61456693_62989418,-5.372788146587571
32,1_62989418_64576021,-1.2926127431084713
33,1_64576021_66473721,-2.3701366640216435
34,1_66473721_68012212,-1.2632507007065148
35,1_68012212_69221933,-0.3236851307161451
36,1_69221933_70906787,-3.2795127307314074
37,1_70906787_71218722,-0.12150302882443387
38,1_71218722_73861224,-0.5497071917837568
39,1_73861224_76262450,-9.754691562262071
40,1_76262450_79195513,-119.23586951221117
41,1_83526065_84378812,-0.20988483842308597
42,1_84378812_85989068,-18.15943211786209
43,1_85989068_87662948,-2.8048290545994417
44,1_87662948_89600744,-0.37531899855855866
45,1_89600744_91420760,-3.092146256947072
46,1_91420760_93070902,-0.6810232838521841
47,1_93070902_94040635,-0.49992205168692505
48,1_94040635_95685337,-1.2943084099261781
49,1_95685337_97419693,-0.768695578245841
50,1_97419693_99335048,-1.8287507097299631
51,1_99335048_100360849,-0.9408593353857173
52,1_100360849_101575460,-0.47573846127810926
53,1_101575460_102433189,-0.18839189038717835
54,1_102433189_103371589,-0.11305137729950077
55,1_103371589_105545220,-0.030417406824158277
56,1_105545220_107867043,-0.649767278667516
57,1_107867043_109761309,-485.53539919724716
58,1_109761309_111199115,-1.9593789808545374
59,1_111199115_112730684,-2.9591524060125756
60,1_112730684_114331223,-1.2279707258233743
61,1_114331223_115337972,-0.5798574309565894
62,1_115337972_118296444,-12.614517771331396
63,1_151566405_153208353,-0.635056476036357
64,1_153208353_154797927,-1.6124570877361564
65,1_154797927_156366342,-2.192797334220461
66,1_156366342_158057622,-1.8895930475584226
67,1_158057622_159943258,-4.672710819337597
68,1_165222465_166491280,-0.8560589133122776
69,1_166491280_169117086,-7.511964975350567
70,1_169117086_170588635,-2.012496836294095
71,1_170588635_173128768,-11.234855956932735
72,1_173128768_175120632,-5.34082387918622
73,1_175120632_177464245,-8.548627988031315
74,1_177464245_178975174,-0.6667737975540927
75,1_178985335_181174985,-14.060584796941686
76,1_181174985_182786221,-1.0673877560593152
77,1_182786221_184626379,-2.0867788921351598
78,1_184626379_186840891,-7.645420544500491
79,1_186840891_188790814,-0.19241097132462626
80,1_189935000_191899800,-0.14693944631006883
81,1_191899800_194138312,-0.4854917898399284
82,1_196207071_197342384,-0.9757654246634335
83,1_197342384_199270756,-1.3146577555906809
84,1_199270756_200168521,-0.12265518894904126
85,1_200168521_201620847,-8.80551503047181
86,1_201620847_203365606,-363.7769114535769
87,1_203365606_204711940,-1.547072139255086
88,1_208237019_210614406,-26.864237032391827
89,1_210614406_212668988,-14.882894769949198
90,1_212668988_214404923,-9.724407105549721
91,1_214404923_216070292,-3.80204354814476
92,1_218532171_219417229,-0.01599486900573379
93,1_219417229_221684889,-1.0271814845130376
94,1_221684889_222056878,-0.036740353936445834
95,1_222056878_224750818,-15.602481771082527
96,1_224750818_226623159,-1.867774843076227
97,1_226623159_229020501,-4.527357286526009
98,1_229020501_230549509,-1.127634787996536
99,1_230549509_231954506,-1.861438030594177
100,1_231954506_233293538,-4.3875319915285385
101,1_233293538_234463688,-0.9886094862022772
102,1_234463688_235656136,-9.665997551026418
103,1_235656136_237392328,-7.228039497169069
104,1_237392328_238404507,-1.3026343607217914
105,1_238404507_239762014,-0.30420853216799026
106,1_239762014_240400791,-1.3022662156875686
107,1_240400791_241418920,-5.284095447414722
108,1_241418920_241908300,-0.38576688468323034
109,1_241908300_243946197,-24.112003149370793
110,1_243946197_245343444,-183.5249563112354
111,2_10133_1777250,-6.718268967168294
112,2_5568205_6696122,-0.013049995572138772
113,2_6696122_8282017,-0.16324808756465048
114,2_8282017_10158342,-1839.2745237676645
115,2_10158342_12279024,-102.20761339978557
116,2_12279024_14195184,-0.024637237558491433
117,2_14195184_16148467,-0.5292115894856634
118,2_16148467_18466157,-0.6339164742942602
119,2_18466157_19492643,-0.40109316054846234
120,2_19492643_20850730,-0.5940789969671255
121,2_20850730_23118512,-0.06435037454086343
122,2_23118512_24464049,-0.6156049384332434
123,2_24464049_26672117,-2.779246205813615
124,2_26672117_28375910,-0.6557940136132581
125,2_28375910_28994693,-0.3545896713266484
126,2_28994693_30240845,-1.1473007587785873
127,2_30240845_31327584,-1.3109303216967765
128,2_31327584_33138710,-6.462128538484549
129,2_33138710_35119962,-0.6548367970131922
130,2_35896940_37905569,-2.483201693582879
131,2_37905569_38804195,-0.5357843129073421
132,2_38804195_40054343,-0.33721300836649076
133,2_40054343_43082452,-7.292730199361271
134,2_43082452_44086664,-0.475942172380067
135,2_44086664_46255495,-29.760663380821956
136,2_46255495_47091633,-0.6380414875016104
137,2_47091633_47985862,-0.9348868461743379
138,2_47985862_49795119,-0.835496001393024
139,2_49795119_50591790,-1.4187898254574542
140,2_50591790_52263995,-1.4187898254574542
141,2_53281314_54458089,-0.5570235446816305
142,2_54458089_55976210,-1.5861162217559903
143,2_55976210_57201965,-0.14230524889110216
144,2_57201965_58070180,-0.08888490383332473
145,2_58070180_60064865,-0.11515766952734312
146,2_60064865_62201909,-1.4132472810600405
147,2_62201909_64398779,-1.533715223479188
148,2_64398779_65706310,-1.1476178231716587
149,2_65706310_66999034,-0.054648095074450474
150,2_66999034_67783044,-0.025594331460233953
151,2_67783044_68912432,-0.5551614158281548
152,2_68912432_70528066,-1.096873646744212
153,2_70528066_72947719,-564.1042630510008
154,2_72947719_75402960,-2.809521519640895
155,2_75402960_76686535,-0.10463515245521285
156,2_76686535_77852138,-0.9397376436696023
157,2_77852138_79823277,-1.7781685999228745
158,2_79823277_81393717,-1.7745841322086282
159,2_81393717_84913556,-0.1712221070992055
160,2_84913556_87738988,-71.81327525830108
161,2_87738988_88855013,-1.2888772617684234
162,2_98378738_101205867,-26.30217992820898
163,2_101205867_102072305,-0.87926883505479
164,2_102072305_102971757,-0.6703165320836622
165,2_102971757_104508576,-0.09482351496532888
166,2_104508576_105593601,-0.2685296377573497
167,2_105593601_106791811,-1.7820714033039065
168,2_106791811_107812721,-0.03876831751926872
169,2_107812721_109814855,-55.593531701207986
170,2_117609890_120546207,-4406.52425519499
171,2_120546207_122545330,-0.7087986422097444
172,2_123974673_125083344,-0.8914368502862887
173,2_126616187_127276771,-0.6515715865699887
174,2_127276771_128716867,-0.6999251678399874
175,2_132285211_134401007,-4.94721395228221
176,2_134401007_136285224,-0.6099789059044027
177,2_136285224_137940547,-0.850514480277998
178,2_137940547_139342701,-0.4486866119327108
179,2_139342701_141047782,-7.5780618256011625
180,2_141047782_141761033,-7.5780618256011625
181,2_143761915_145688002,-1.4965123737926285
182,2_146519594_149353778,-1.510149740052512
183,2_149353778_150874948,-1.1689568504281715
184,2_150874948_151630268,-0.14287771275084485
185,2_151630268_153148542,-0.5916557727247589
186,2_153148542_154534623,-3.0776085336840775
187,2_154534623_156704123,-2.4380212045519483
188,2_156704123_157676706,-0.17937450467065488
189,2_157676706_158720570,-0.6302097186597768
190,2_158720570_160913222,-2.301152832576588
191,2_160913222_162647041,-145.18506152920358
192,2_162647041_163610128,-0.8167113294526448
193,2_163610128_164322330,-0.09109176952751966
194,2_164322330_166303760,-2.3341427709346507
195,2_166303760_166499460,-0.15402830072889478
196,2_166499460_169111726,-25.097865339151998
197,2_169111726_170369735,-4.7170474461813034
198,2_170369735_172274177,-3.403190753022545
199,2_172274177_174724201,-41.001112303501216
200,2_174724201_176498908,-2.0154678788207208
201,2_176498908_177688455,-0.6372423097418639
202,2_177688455_180448012,-65.19211184235644
203,2_180448012_181401304,-0.03749810847023065
204,2_181401304_183492880,-0.6428573819011122
205,2_189017339_191108631,-2.8194503752277678
206,2_191108631_194996440,-0.8564037093624233
207,2_194996440_195582732,-0.06785313440747806
208,2_195582732_197213386,-1.4307026076327403
209,2_197213386_198446401,-0.9250888106007153
210,2_198446401_200711561,-4.1505294289070624
211,2_200711561_201953914,-0.8071084214395434
212,2_204934518_205870980,-1.0569392737084513
213,2_205870980_207780675,-2.759804837470255
214,2_207780675_209076805,-0.8092786018355957
215,2_211514793_213149558,-4.645939997469379
216,2_213149558_214709071,-0.9082466206086387
217,2_214709071_216850938,-6.937337284647117
218,2_216850938_217530757,-0.1882348753860592
219,2_217530757_219589829,-3.7797791621770442
220,2_219589829_221656456,-37.1535870604877
221,2_221656456_223994702,-3.7393520697068787
222,2_223994702_224975287,-0.5329457326164363
223,2_224975287_227255126,-70.87283027150926
224,2_227255126_228506071,-3.8613897752156108
225,2_228506071_230978674,-18.83982125904277
226,2_230978674_232685293,-4.612726596410818
227,2_232685293_234242343,-3.128051788827637
228,2_234242343_235134906,-0.7029988218548271
229,2_235134906_236540389,-0.6071446279719905
230,2_236540389_237852338,-1.0077007782449172
231,2_237852338_239030947,-1.7059221022611637
232,2_239030947_240620667,-7.79932280086999
233,2_240620667_241210506,-1.022693455671257
234,2_241210506_242147200,-1.0987191729292145
235,3_4389963_6041496,-1522.1942285613593
236,3_6041496_7041700,-1.1957330512172462
237,3_7041700_8606875,-18.40856285287878
238,3_8606875_9501499,-1.9837990412915545
239,3_9501499_10977979,-5.117528397475169
240,3_10977979_13029299,-7.191198402066371
241,3_13029299_14775393,-32.316675938937166
242,3_14775393_16240935,-5.6357678121541905
243,3_16240935_17849626,-9.3366173787875
244,3_17849626_19083652,-0.6160845889325802
245,3_19083652_20049856,-0.6032446603841571
246,3_21602215_22162752,-3.0250375628578086
247,3_22162752_23763374,-9.299636470059099
248,3_23763374_25420067,-6.75013190446524
249,3_25420067_26836278,-2.779188446335006
250,3_26836278_27799419,-0.27197919399500553
251,3_27799419_29100769,-8.449306076173844
252,3_29100769_30676463,-6.7026840090809205
253,3_30676463_32310223,-5.579965362135343
254,3_32310223_33214100,-1.0683231307292806
255,3_33214100_35241966,-0.280574169992208
256,3_35241966_36445350,-0.6599908599109326
257,3_36445350_38314625,-3.5751721621160693
258,3_38314625_40179807,-3.391301234667556
259,3_40179807_41023037,-0.34761441105279683
260,3_41023037_42498510,-2.8069129368627754
261,3_42498510_45123661,-4.0874154668696026
262,3_45123661_46616010,-1.8290828446530658
263,3_46616010_47685722,-0.38745947683872645
264,3_47685722_49279539,-0.5181215770680719
265,3_49279539_51797999,-1.563130734535709
266,3_51797999_54047363,-2.0995818589525106
267,3_54047363_55314832,-0.9368692056352532
268,3_55314832_56399879,-0.565017078472059
269,3_56399879_58171792,-193.89688135325852
270,3_62369991_63683610,-3.097544392393097
271,3_63683610_65287863,-0.6596410301300797
272,3_65287863_66220021,-1.037012680382332
273,3_66220021_68237764,-2.0833293255245846
274,3_68237764_69227611,-0.447331632180947
275,3_69227611_70399877,-0.6599534576936898
276,3_70399877_72480178,-3.4200570440571925
277,3_72480178_74272666,-3.5183255671881435
278,3_74272666_75655798,-0.1333734360193925
279,3_78975391_81378159,-0.41210335516525537
280,3_81378159_82594735,-0.07132099899493279
281,3_84318328_85533081,-0.6583521299252695
282,3_85533081_87360582,-2.672727325374427
283,3_87360582_88249223,-0.09362105602174915
284,3_88249223_94536472,-23.73671071977951
285,3_95593127_98497106,-0.5216097001322889
286,3_98497106_99654918,-1.6966118148983131
287,3_99654918_100873373,-0.8289250083493303
288,3_100873373_103366116,-6.569152171940225
289,3_104862769_107263964,-0.3536688747820911
290,3_107263964_109803548,-1.953820022414718
291,3_110794923_113096852,-3.91742377312665
292,3_113096852_114229016,-0.48776543116219406
293,3_114229016_115728233,-0.8976070627019308
294,3_115728233_117081306,-1.895448407101647
295,3_117081306_118811404,-1.895448407101647
296,3_118811404_120804208,-2.97595461415177
297,3_120804208_122255250,-0.9249404357854332
298,3_122255250_123798921,-2.049789171816221
299,3_123798921_125217798,-1.7771811928182317
300,3_125217798_126496100,-60.57529645210893
301,3_126496100_128476018,-2.0879690268852413
302,3_128476018_130525891,-5597.655397786277
303,3_130525891_132117672,-4.262839089936694
304,3_132117672_133533329,-10.754611895959005
305,3_133533329_135738064,-1.86055416192698
306,3_135738064_137652241,-0.3463107079611299
307,3_137652241_140235755,-7.77579638998098
308,3_140235755_141620255,-2.0691440575002433
309,3_141620255_143445786,-7.182954904575148
310,3_143445786_144691974,-0.375571745906647
311,3_145946832_147008842,-0.30488293229436875
312,3_147008842_149325450,-49.618630205475945
313,3_149325450_150534217,-0.9852583052996582
314,3_150534217_151630942,-0.5573036869290494
315,3_151630942_153538782,-1.454772624297481
316,3_153538782_154996429,-0.18650582322214465
317,3_154996429_156290911,-1.2579369327373615
318,3_156290911_157594239,-1.0119187509526857
319,3_157594239_159760101,-3.348303875647378
320,3_159760101_161806716,-2.235763300672693
321,3_163535417_165337681,-0.09064768607908151
322,3_165337681_167399641,-1.6651853313538851
323,3_167399641_168863172,-0.23300890777056255
324,3_168863172_171247120,-19.56248221532522
325,3_171247120_172577941,-1.9065160590603203
326,3_172577941_173759495,-1.7218559710771202
327,3_173759495_175398750,-22.685654341608625
328,3_175398750_176602499,-2.557878209924201
329,3_176602499_178389377,-3.7779871455571743
330,3_178389377_179656798,-1.8699774499770299
331,3_179656798_181793378,-1.3090827726852967
332,3_181793378_184051895,-0.797736936779909
333,3_184051895_185350467,-2.415586199148738
334,3_185350467_187172556,-14.107830764851377
335,3_187172556_189138425,-10.98217367241784
336,3_189138425_190508818,-7.567983191371963
337,3_190508818_192626025,-7.02124378775928
338,3_192626025_194338942,-396.6745451267637
339,3_194338942_195065945,-0.26539006866088094
340,3_196244537_197349116,-2.97891696456326
341,3_197349116_198219751,-8.108064582223822
342,4_10240_700926,-0.9584367869059506
343,4_700926_1476986,-1.1185519871906817
344,4_1476986_2841252,-1.365101766802553
345,4_3844313_4682389,-0.4808582465202548
346,4_4682389_5500661,-0.7834279526143624
347,4_6771316_7537965,-9.786698193444368
348,4_7537965_8150508,-31.955376304292724
349,4_8150508_9324753,-679.4036161370874
350,4_9324753_10697528,-1.135103799798538
351,4_10697528_12321410,-0.07042310638276965
352,4_12321410_14270377,-0.07196929286795055
353,4_14270377_15145822,-0.04093342263015622
354,4_15145822_15925386,-0.15468630144970358
355,4_15925386_17381699,-1.146794544106704
356,4_17381699_18840251,-0.233629535513359
357,4_18840251_20542934,-0.30009619314659625
358,4_20542934_22317724,-5.7452893003137735
359,4_22317724_24133906,-0.1224240493995262
360,4_24133906_25607700,-0.5715738884422045
361,4_25607700_27342100,-1.1877729976492026
362,4_30452913_31781359,-0.1894444304177448
363,4_35149793_36018814,-0.13342629947700976
364,4_36018814_37253425,-4.361470035083281
365,4_37253425_38905401,-6.75776837547672
366,4_38905401_40200989,-2.258910166399688
367,4_40200989_42211041,-19.218269618726126
368,4_42211041_43963028,-0.37522665095644664
369,4_43963028_45187140,-0.2762878089785531
370,4_45187140_47409879,-1.0222369438181511
371,4_47409879_48121583,-0.8357758378981706
372,4_53011266_54563389,-1.3393090379891135
373,4_54563389_55681477,-0.9996982809505589
374,4_55681477_58068842,-2.214481399653735
375,4_63475283_65734774,-3.2559506885093876
376,4_67193779_67989047,-0.3102136171549102
377,4_70183435_71274841,-0.6760703346640771
378,4_71274841_73726673,-2.955441783414385
379,4_73726673_76209554,-58.44560259034861
380,4_76209554_78172825,-151.99642220604738
381,4_78172825_80069143,-6.437168909072026
382,4_80069143_81204161,-0.6176691635517099
383,4_81204161_82451440,-1.4302570533364958
384,4_82451440_83878503,-1.0549672054165895
385,4_83878503_86009456,-4.590072451755766
386,4_86009456_86613495,-0.40160546910854134
387,4_86613495_88316876,-1.43801072221718
388,4_88316876_89310413,-0.6601989064615856
389,4_89310413_90639526,-3.030354181092291
390,4_93312148_95261037,-6.546113798581371
391,4_95261037_96619552,-0.35218970801436755
392,4_96619552_98502916,-3.236698451254631
393,4_98502916_99757203,-0.9585373934876994
394,4_99757203_102300199,-47.66197591176609
395,4_102300199_104384137,-3.4979913961763756
396,4_104384137_106580148,-2.0015850473203125
397,4_106580148_107894192,-0.7436151026507998
398,4_107894192_110335411,-51.35455102495325
399,4_112948946_114745090,-4.205177941398928
400,4_114745090_116355773,-0.1369550713576782
401,4_117558763_119012357,-1.8426620742968325
402,4_119012357_119471529,-0.2924878726232613
403,4_119471529_121736832,-26.209374873315312
404,4_121736832_123365326,-0.8699611110514109
405,4_123365326_124289707,-0.016650939380151053
406,4_124289707_125559731,-0.7420548130077111
407,4_126909138_128075510,-0.20756424565879628
408,4_128075510_129670730,-0.5089922965707675
409,4_132032878_133707279,-0.026702681034434673
410,4_133707279_135645252,-0.011213717008101209
411,4_135645252_137620817,-0.021045204720691046
412,4_137620817_138635357,-0.02611830136841875
413,4_138635357_140163477,-0.9386999042500934
414,4_140163477_142522112,-19.995362555196785
415,4_142522112_145257035,-10.843110345984025
416,4_145257035_147600722,-2.8071622502320963
417,4_147600722_149762428,-0.45748130827751865
418,4_149762428_151861032,-1.3789817629667882
419,4_151861032_153556489,-0.8615243224122322
420,4_153556489_154134974,-0.05415397049032018
421,4_154134974_156563945,-2.573122669667386
422,4_156563945_157822566,-0.2126146437898933
423,4_157822566_160137712,-0.6621106477527232
424,4_160905283_162322527,-0.8426191127678792
425,4_162322527_163557082,-0.11255281617035204
426,4_163557082_164902296,-0.02473792289201131
427,4_164902296_166097706,-0.970569541099296
428,4_166097706_166931766,-1.8713381757375918
429,4_166931766_168755674,-26.61068332616079
430,4_168755674_169855359,-1.0365417908328012
431,4_169855359_171637484,-0.0427933541180753
432,4_171637484_173342981,-0.877305245435833
433,4_175649565_178070756,-8.50281839614462
434,4_181145654_182450122,-1.08065334719596
435,4_185987936_187551827,-1.262989718345399
436,4_187551827_188772357,-0.20059664403042232
437,4_188772357_190122439,-0.8815356708149469
438,5_11940_982137,-211.62746411286372
439,5_982137_2132328,-4.6145958843166826
440,5_2132328_3361827,-0.017408298390633136
441,5_4631997_5973120,-0.2618004775932787
442,5_5973120_7143105,-0.25910240111940175
443,5_7143105_8446223,-0.3498101979237219
444,5_8446223_9718720,-0.9162898369292366
445,5_9718720_11173159,-3.617807656129662
446,5_11173159_13464722,-0.7000242766027379
447,5_13464722_14757695,-1.396179124352108
448,5_14757695_16963504,-8.479534621715747
449,5_16963504_18051483,-0.12291208309223003
450,5_18051483_19917607,-0.6950636795060423
451,5_22151964_23494215,-1.397730487803622
452,5_23494215_26184742,-0.9205989699146088
453,5_26857495_27984406,-0.09857575419975215
454,5_29714713_31390142,-0.06792551273484934
455,5_31390142_33500075,-2.848390593639187
456,5_33500075_35048865,-8.933750528319994
457,5_35048865_36433852,-0.578938562059259
458,5_36433852_38802308,-2.578929082652245
459,5_38802308_40287627,-0.2678345347278131
460,5_40287627_41888608,-1.409998259995822
461,5_41888608_43983397,-2.012463548091023
462,5_50867564_52838788,-1.9633124595686346
463,5_52838788_54407214,-3.274666076299023
464,5_54407214_56121522,-2.56060587460585
465,5_56121522_57325275,-1.592614752440377
466,5_58044246_59228796,-5.959916267733886
467,5_59228796_61640080,-6.198976727278719
468,5_61640080_62377168,-0.10695934597148496
469,5_62377168_63923160,-0.12219990168419055
470,5_63923160_64672477,-0.25589364317097696
471,5_64672477_66615458,-18.906737131598014
472,5_66615458_68555033,-3.2735928561478516
473,5_71944629_74463501,-2.054398930947604
474,5_74463501_76503041,-71.92880194340209
475,5_76503041_78327508,-8.558937989206726
476,5_78327508_80097321,-2.5253107750749484
477,5_80097321_81185652,-1.5820830514218494
478,5_81185652_82729829,-0.9053692126624832
479,5_82729829_84676871,-1.127046516069455
480,5_86471473_88094174,-0.2827981908905811
481,5_88094174_89595713,-0.20810248059229605
482,5_89595713_91126837,-0.05603853133574947
483,5_91126837_92504835,-0.024118050239261057
484,5_92504835_94474279,-0.30611147629419094
485,5_94474279_96627815,-10.349759390346673
486,5_96627815_97979897,-0.7182554828870561
487,5_97979897_99925288,-0.08098771554539445
488,5_99925288_102243065,-0.9291655451289982
489,5_102243065_103984304,-0.6072696641989334
490,5_106557354_107928495,-0.6478090028998666
491,5_107928495_109298233,-1.1052647048232578
492,5_109298233_111485446,-18.541551083252152
493,5_111485446_112645865,-1.3235608489310895
494,5_112645865_114060588,-6.951895295858058
495,5_114060588_115494673,-1.2888275229653228
496,5_115494673_116495351,-1.0281526907458847
497,5_116495351_118010518,-0.10180060150220024
498,5_118010518_119273125,-0.22946338420628107
499,5_119273125_120333347,-0.1623380694597872
500,5_120333347_121116471,-0.10582137339503643
501,5_121116471_123221211,-1.0550094667317755
502,5_123221211_124462407,-0.08809170562516444
503,5_124462407_126449957,-0.06619394198259468
504,5_126449957_128008912,-0.8193836513844666
505,5_128008912_130183332,-6.25653276133165
506,5_130183332_132803957,-3.5322068144217296
507,5_132803957_135441711,-6.405440088926751
508,5_135441711_137040361,-4.397911245236055
509,5_137040361_139885487,-8.532891726989293
510,5_139885487_141266403,-0.8540777119855185
511,5_141266403_143601683,-217.96587743648402
512,5_143601683_145563791,-1.458411184531704
513,5_145563791_147802435,-3.5613373675809292
514,5_147802435_149283061,-1.8317490359646755
515,5_149283061_151181737,-12.74591556309157
516,5_151181737_153488214,-1.0565552734973485
517,5_153488214_154393528,-0.7491440270534999
518,5_154393528_155946495,-13.026141681623523
519,5_155946495_157201689,-1.4007218533368315
520,5_157201689_159398690,-7.626240916418925
521,5_159398690_160546937,-0.37085656708453774
522,5_160546937_162055127,-2.128067699850899
523,5_162055127_163316902,-0.0754704899614406
524,5_163316902_164344576,-0.02684994136766674
525,5_166215390_167420735,-0.7694634471538617
526,5_167420735_169098313,-72.70754781489144
527,5_169098313_170078660,-2.589910320029567
528,5_170078660_171647288,-58.74350576219789
529,5_171647288_173251324,-1.9389827430925686
530,5_173251324_174215868,-0.6983079683793795
531,5_174215868_176023592,-8.221184543805387
532,5_177824506_178986463,-16.10641998002004
533,5_178986463_179974244,-15.019301087934958
534,5_179974244_181132933,-3.613292687636477
535,5_181132933_181458155,-0.07681176586608536
536,6_73924_1452127,-18.475143986092764
537,6_1452127_2458702,-0.548501462498623
538,6_2458702_3573359,-1.1790857386004625
539,6_3573359_4617583,-0.2703703852691478
540,6_4617583_5791239,-1.552138485113185
541,6_5791239_6784974,-14.453277777464445
542,6_6784974_7808703,-0.8651453240676865
543,6_7808703_9019793,-0.7200787999568611
544,6_9019793_10540084,-0.14157925371093089
545,6_10540084_11790583,-1.2493587572252576
546,6_11790583_13209156,-2.1056602820009065
547,6_13209156_14802693,-1.377028115968634
548,6_14802693_17386174,-32.03022278120236
549,6_17386174_19207256,-1.394496680191295
550,6_19207256_21683834,-3.2827620872190244
551,6_21683834_22748078,-0.18118515565009824
552,6_23936391_24852047,-0.5588642816984356
553,6_24852047_25684359,-0.03502240812722688
554,6_25684359_26791023,-0.9260014031928421
555,6_26791023_28050041,-0.09507011143839592
556,6_28050041_28949831,-0.40235325337323413
557,6_28949831_29770194,-0.8515343446788777
558,6_29770194_30830391,-65.89056903494853
559,6_32714887_33268720,-1.8792914485199579
560,6_33268720_35487979,-20.778273975830835
561,6_35487979_37604820,-7.5059751213673085
562,6_37604820_39327901,-3.788809705300575
563,6_39327901_40377376,-0.28324399616478335
564,6_40377376_42070983,-7.125534349469108
565,6_42070983_43788432,-1.916545270101792
566,6_43788432_45438826,-2.0571001929811508
567,6_45438826_47344162,-3.355472861900875
568,6_47344162_48423389,-0.23844162811142922
569,6_48423389_50418432,-0.14099126255889236
570,6_50418432_52345678,-2.8123657955474695
571,6_52345678_53414304,-1.5400373485191523
572,6_53414304_55603472,-156.39193595875838
573,6_55603472_56240515,-0.5956809347898104
574,6_61356685_62842983,-0.34270995825867984
575,6_62842983_65055849,-8.550382846333438
576,6_65055849_66619322,-3.639822050281816
577,6_68813556_70899807,-1.227763416595804
578,6_70899807_72740374,-20.986662141529884
579,6_72740374_74752287,-1.808550923666972
580,6_74752287_76705164,-0.561027358564308
581,6_76705164_78248011,-0.16747013951421566
582,6_78248011_79981453,-0.7465990167931178
583,6_79981453_81219505,-0.18648701081699642
584,6_81219505_82417432,-0.08831196680183213
585,6_82417432_84500271,-0.39979718058391206
586,6_84500271_86359782,-0.9275960069937618
587,6_86359782_88112422,-0.9236875548129305
588,6_88112422_89263333,-1.7902103803693574
589,6_89263333_91133478,-1.6964694735653398
590,6_92718926_93408424,-0.05266128977668703
591,6_93408424_93731457,-0.05266128977668703
592,6_93731457_96645635,-1.0154164787556437
593,6_96645635_97394408,-0.2190590446598613
594,6_97394408_100182270,-1.1319760360749755
595,6_100182270_102188897,-2.5941151909532794
596,6_103535520_105608858,-0.4174594213177952
597,6_105608858_107129102,-1.457178999861922
598,6_107129102_108143176,-0.6056611159722335
599,6_108143176_109983044,-1.5198810289479767
600,6_109983044_112023811,-1.3432624470506678
601,6_112023811_113899669,-2.123290908011453
602,6_113899669_115810232,-0.19834901423437373
603,6_115810232_117351809,-1.0015745119107038
604,6_117351809_118641952,-1.3222713119632128
605,6_118641952_119642117,-0.4805628260048378
606,6_120190982_121584530,-0.2354871960571229
607,6_121584530_123535036,-1.067144550267552
608,6_123535036_125103237,-2.929294641994939
609,6_125103237_127219316,-0.9619799522048181
610,6_127219316_129539886,-3.4081422870253233
611,6_129539886_130614309,-0.5804370298458407
612,6_130614309_132444530,-146.0923971862055
613,6_132444530_133923105,-0.7474973481812908
614,6_133923105_135903039,-2.533672081318997
615,6_135903039_137293081,-0.6689981230685358
616,6_137293081_138501492,-0.7476460319135398
617,6_138501492_139524299,-0.820920145805092
618,6_141967342_144998674,-4.924729498488897
619,6_144998674_146344288,-0.4294775827054108
620,6_146344288_148599216,-23.706113908841246
621,6_148599216_149932268,-1.208346436705691
622,6_149932268_151591568,-47.28676542627889
623,6_151591568_152773361,-1.359447094978358
624,6_152773361_154652986,-8.783178147727149
625,6_154652986_156442192,-0.7231716029374857
626,6_156442192_157797687,-2.123215652382518
627,6_160159465_161748532,-18.527799782983358
628,6_162510171_163962489,-0.9898028844876741
629,6_165173375_166611245,-14.47101244168023
630,6_166611245_167642155,-9.179184421650337
631,6_167642155_168981955,-8.011498070751118
632,6_168981955_170014949,-0.40076782581081893
633,6_170014949_170742182,-0.38430250905969526
634,7_16161_933116,-7.712191807820004
635,7_933116_1313431,-0.3308516739377533
636,7_1313431_2022763,-0.740026774734465
637,7_2022763_2732593,-1.4994272600399428
638,7_2732593_4533797,-219.94264717914103
639,7_4533797_5376601,-1.6739128116616988
640,7_5376601_5814895,-0.39874912297047577
641,7_5814895_6534226,-1.2060246806689254
642,7_6534226_7769121,-18.400119033192006
643,7_7769121_9083793,-0.9449118547627728
644,7_9947872_11259571,-0.11481830601513318
645,7_11259571_12595836,-3.480871897006439
646,7_12595836_13844577,-0.09819484162233949
647,7_13844577_15104032,-1.2957042827811942
648,7_15104032_16862445,-9.313060549182728
649,7_16862445_19441924,-126.98492518213293
650,7_19441924_20085285,-0.03133014954946014
651,7_22468010_23431823,-1.1719286818235823
652,7_23431823_25037640,-3.8719589993980463
653,7_25037640_25869935,-0.03297931478289513
654,7_25869935_28320690,-12.356011975870612
655,7_36173929_37515581,-2.390907425265474
656,7_37515581_38927103,-2.782452317158018
657,7_38927103_39823071,-0.7376504765228843
658,7_39823071_41962213,-4.947463458555514
659,7_41962213_43119475,-3.674475071764223
660,7_43119475_44724229,-4.649380606694345
661,7_44724229_45913323,-2.728958582948491
662,7_45913323_46947122,-0.013176706552388052
663,7_46947122_49172682,-2.3312020320645312
664,7_49172682_51607626,-1.718564311119308
665,7_54155283_55623891,-0.9097067635874805
666,7_55623891_57314931,-0.3055230567363835
667,7_57314931_63846981,-0.007436413817895171
668,7_63846981_64180747,-0.00010682003636297566
669,7_66224822_68769087,-98.60121976303057
670,7_68769087_69620378,-0.7256604015642163
671,7_69620378_72409900,-8.16833698100513
672,7_72409900_73920272,-33.47262150079159
673,7_76829247_78464542,-9.546552544242802
674,7_78464542_80258753,-15.912286940607126
675,7_80258753_82393370,-5.541555536741494
676,7_82393370_84171887,-12.200376738526696
677,7_84171887_85942866,-0.9054507669495073
678,7_85942866_88195689,-0.7838430230279343
679,7_91032469_92864438,-10.120094380109148
680,7_92864438_94337289,-0.49217907283853324
681,7_94337289_96444196,-1.7146265124656146
682,7_96444196_97470258,-0.04088652790330669
683,7_97470258_99117851,-4.669862909286922e+23
684,7_99117851_100599028,-0.8202799611384398
685,7_100599028_101555972,-3558.311261651527
686,7_103557063_104519078,-4.229761635818585
687,7_104519078_106042459,-7.376573061600212
688,7_106042459_108139733,-16.61764858257487
689,7_108139733_110007537,-0.21048175818452908
690,7_110007537_112978629,-2.355890214499675
691,7_112978629_114072332,-1.7293551909625662
692,7_114072332_117140124,-33.45126245158186
693,7_117140124_118711527,-0.8749276099423234
694,7_118711527_121405219,-0.737146764757938
695,7_121405219_122293576,-0.13190604081430024
696,7_122293576_124516751,-1.9537922496317601
697,7_124527498_126879116,-5.6225273628735835
698,7_126879116_127229167,-0.3782143507940584
699,7_127229167_129138332,-10.389680970855185
700,7_129138332_130737653,-2.413387557990398
701,7_130737653_133121089,-10.138039389563014
702,7_133121089_134622844,-0.68020760852052
703,7_134622844_135906335,-0.8511380270094435
704,7_135906335_137191815,-1.0640774121194592
705,7_137191815_139059933,-18.182223844622158
706,7_139059933_140233377,-0.8940920994971056
707,7_140233377_140535410,-0.3751688482904833
708,7_140535410_141526757,-0.46763525313001447
709,7_141526757_142959223,-7.382060179185151
710,7_145271196_146730868,-28.15544489509902
711,7_146730868_148118226,-28.15544489509902
712,7_150143569_151014417,-0.7182053606586128
713,7_153976934_155173020,-19.834675896227075
714,7_155173020_156272556,-0.8998674419771435
715,8_1094217_1213245,-42.16948549439043
716,8_2095102_2715741,-0.11869525012615076
717,8_6285276_7295557,-2.670061656482875
718,8_9297184_9783277,-0.13798821976727896
719,8_9783277_10605687,-0.6420657251076911
720,8_10605687_11421489,-0.6926360392318892
721,8_13634266_14087483,-4.032194072747904
722,8_16134151_17530367,-23.266919150070187
723,8_17530367_17978890,-0.5066062994011373
724,8_17978890_19635329,-6.387361917208363
725,8_19635329_20203345,-1.1875211164264516
726,8_20203345_21804225,-6.002441301126181
727,8_21804225_23039544,-2.1020459741479924
728,8_23039544_24817205,-3.5672534500074016
729,8_24817205_25625938,-0.3804071017626447
730,8_25625938_26825008,-1.5392392447486851
731,8_26825008_28304875,-2.073659647737177
732,8_28304875_29470379,-0.6801620461700246
733,8_29470379_31276213,-0.6564872417333004
734,8_31276213_31690844,-1.1931095641783558
735,8_31690844_33119700,-1.1931095641783558
736,8_33119700_35459714,-5.43356686295205
737,8_35459714_37521871,-0.5956442938318828
738,8_37521871_39081287,-0.9567286475898769
739,8_39081287_40845818,-3.0840979447912784
740,8_40845818_41863936,-2.1773943778138403
741,8_41863936_42918680,-0.846200834469126
742,8_42918680_45929693,-0.07336474785406807
743,8_45929693_49169911,-0.6433319237597315
744,8_49169911_52390370,-15.003755770366249
745,8_52390370_53505484,-0.6857564323069699
746,8_53505484_55033021,-0.4970321510572755
747,8_55033021_56043824,-0.5913447753561236
748,8_56043824_58156092,-6.577163098677441
749,8_58156092_58815541,-1.189442145196196
750,8_58815541_61416540,-26.48308604309368
751,8_61416540_62436747,-2.7691813102560885
752,8_62436747_64320315,-0.9190807488331162
753,8_64320315_65576855,-0.0569788538399576
754,8_68950822_69955744,-0.2438682291666936
755,8_69955744_71377219,-1.7717340585617194
756,8_71377219_72904964,-17.582070362326217
757,8_72904964_74532829,-4.16724844726477
758,8_74532829_75544307,-0.6041635598037283
759,8_75544307_78220626,-11.717801882901295
760,8_78220626_81044160,-6.159858561086734
761,8_81044160_81781504,-0.46437217253138285
762,8_81781504_83313354,-0.022552552503010536
763,8_83313354_85043384,-0.2730718909198293
764,8_85043384_86399480,-22.932233878365714
765,8_86399480_88073253,-2.5275915817902512
766,8_88073253_89625933,-0.16549861149281941
767,8_89625933_92542158,-1.5621357147894745
768,8_92542158_93993299,-0.7335197946446436
769,8_93993299_95522578,-1.0800883055030657
770,8_95522578_98389353,-10.833238754549937
771,8_98389353_100608730,-2.3781345806630405
772,8_100608730_103111078,-5.881957362859003
773,8_103111078_103976524,-1.2609485123407305
774,8_103976524_106398526,-33.18376252388233
775,8_106398526_107635949,-0.5277503865901235
776,8_107635949_108235944,-0.4567367887954479
777,8_108235944_109472085,-1.2285533397170805
778,8_109472085_110838618,-0.21973669348698927
779,8_112052091_115084266,-0.5774040559275571
780,8_115084266_118673218,-36.31888343325694
781,8_118673218_120189461,-1.400099274492829
782,8_123849219_124671478,-0.8435877899181696
783,8_124671478_125398675,-0.6645267799370953
784,8_125398675_127646866,-327.2050536040865
785,8_127646866_129368893,-0.055500118818230824
786,8_129368893_130627379,-0.10501347197049622
787,8_130627379_132338897,-5.018647993237133
788,8_132338897_133557758,-2.927633430274004
789,8_133557758_135023362,-2.6734580448783554
790,8_135023362_136511908,-0.07421588365072704
791,8_136511908_138242587,-0.39006196740676996
792,8_138242587_139713400,-13.985205610216521
793,8_139713400_141963553,-2.9938075724635227
794,8_141963553_143155464,-0.9603087279442167
795,8_143155464_145078481,-10.016447873936574
796,9_10023_1079707,-4.3804397723570805
797,9_1916877_3190064,-1.3591053242649511
798,9_3190064_4495328,-6.3943459422483135
799,9_4495328_4884926,-0.5626530135347687
800,9_4884926_6557589,-9.135691572870476
801,9_6557589_7154923,-0.757736859924312
802,9_14836365_16659657,-16.086080183325276
803,9_20463536_22206560,-2.1961433336838465
804,9_22206560_24158520,-1.3750780610257731
805,9_24158520_25330812,-0.014071712412641092
806,9_25330812_26111759,-0.01936996324367557
807,9_26111759_28224285,-135.44531715822876
808,9_28224285_28811586,-0.8159648692975976
809,9_32019370_33578336,-45.597715297174204
810,9_33578336_34642246,-2.358531608969127
811,9_34642246_36743286,-2.445020973893326
812,9_36743286_38641602,-10.969342532411277
813,9_38641602_39393282,-0.4311244537731943
814,9_69897795_70138839,-0.20325565781617855
815,9_70138839_71638124,-1.3772364092813185
816,9_71638124_73589030,-1.1430506358400128
817,9_74358165_76285267,-34.90574401203803
818,9_76285267_76856292,-2.0263562028180058
819,9_76856292_78464139,-3.4020599063742814
820,9_78464139_79976013,-0.06136788761440957
821,9_79976013_81596318,-0.1271136219862976
822,9_81596318_82825886,-0.1271136219862976
823,9_82825886_84323281,-1.4875739713257317
824,9_84323281_85494418,-0.4942543052650933
825,9_85494418_85975502,-0.20799499141706002
826,9_85975502_87521331,-3.6939629999691896
827,9_87521331_89827251,-8.202455070287344
828,9_89827251_91404921,-0.7792298208144304
829,9_91404921_93909416,-25.170807214882302
830,9_93909416_96159758,-4.334661919662111
831,9_96159758_98830577,-13.249995773509687
832,9_98830577_101862155,-19.192608833744373
833,9_103205694_104819468,-0.716491635939169
834,9_104819468_106536473,-1.461497804982741
835,9_106536473_107932781,-0.5932080488603576
836,9_107932781_110015744,-0.4700863570285164
837,9_110015744_112068802,-276.5426151013363
838,9_112068802_112930865,-0.6308697870312635
839,9_112930865_114257521,-3.495773125384345
840,9_114257521_115159681,-0.8645530150984193
841,9_115159681_118559259,-1.7446240134704485
842,9_118559259_119498019,-0.11641158632742923
843,9_119498019_122109043,-1.2769376996259019
844,9_122109043_124209608,-1.9091145253173447
845,9_124209608_126297386,-0.8403189796116768
846,9_126297386_127293231,-0.6615416534989421
847,9_127293231_129403191,-1196.365413501862
848,9_129403191_130347830,-1.4549612935377165
849,9_130347830_131252501,-1.2958073579548004
850,9_131252501_132423455,-1.4331653809096658
851,9_132423455_134176000,-18.03742643301263
852,9_134176000_134697518,-0.58979817615868
853,9_134697518_136047132,-8.671639118501345
854,9_136047132_136605890,-0.6520543719761142
855,9_136605890_138254346,-4.44376319808462
856,10_14583_705399,-0.7256242676229515
857,10_705399_1481349,-4.0962055438015055
858,10_1481349_2212306,-2.198664403907167
859,10_2212306_3310507,-0.17164720392864385
860,10_3310507_4530082,-0.022686632315030965
861,10_4530082_5941799,-18.233042731039042
862,10_5941799_7129522,-1.1845515512632268
863,10_7129522_8732702,-1.552467267242521
864,10_12544798_13279600,-2.4279318543803265
865,10_13279600_14984069,-33.463099410253896
866,10_14984069_16509768,-2.559633196608946
867,10_16509768_18248338,-20.983865317346677
868,10_18248338_19427949,-17.95573107485437
869,10_22483354_22886203,-0.08087947621948297
870,10_22886203_25289667,-15.919963816988622
871,10_25289667_26599755,-3.3176008452078287
872,10_26599755_29034307,-57.180185855093725
873,10_29034307_29494763,-0.40710100748300276
874,10_29494763_30169909,-0.1890735570253093
875,10_30169909_31618591,-1.9114258829822444
876,10_31618591_33419040,-1.8067546441600353
877,10_33419040_34820427,-0.28564877831226776
878,10_34820427_36283580,-0.3657586845216624
879,10_36283580_37501101,-0.16855836198780225
880,10_37501101_41867628,-0.11557903420245164
881,10_41867628_43399323,-0.5988735978852696
882,10_43399323_44234627,-0.12809282370494862
883,10_46978910_49632869,-7.746441325867428
884,10_51856869_53343812,-1.5537135263038053
885,10_53343812_55271380,-44.83196295801205
886,10_55271380_55902386,-44.742633360204486
887,10_55902386_57199768,-0.013467972640228587
888,10_57199768_58530227,-0.3060432704709421
889,10_58530227_60131651,-8.913841564908576
890,10_60131651_60899921,-0.9516898507378528
891,10_60899921_61581937,-0.10877422506248893
892,10_61581937_64034354,-2.0014207860256654
893,10_65789857_68140391,-196.53477423738087
894,10_68140391_68436234,-0.16772783244830505
895,10_68436234_70461094,-12.588738943913844
896,10_70461094_71748755,-6.524522573667025
897,10_71748755_73662792,-2.463058804949639
898,10_76947056_79116992,-13.348533445809219
899,10_80654923_82623989,-0.6758218180766766
900,10_82623989_83698947,-0.6758218180766766
901,10_83698947_86177820,-3939.3135095251882
902,10_86177820_87367307,-16.836865598067604
903,10_87367307_89253624,-10.21747303217935
904,10_89253624_90246824,-0.33328120352628055
905,10_90246824_91575290,-0.4308411979262342
906,10_91575290_93636611,-3.2492607285581547
907,10_93636611_94461486,-0.6024297708394062
908,10_94461486_96062600,-2.323569107988569
909,10_98481545_98908643,-0.4176868077177266
910,10_101189482_102620653,-0.5663246493186764
911,10_102620653_104935290,-4.994873521178124
912,10_104935290_106966928,-19.765353576721196
913,10_106966928_108557947,-0.37129407653373947
914,10_108557947_110801735,-0.49199153140134577
915,10_113568673_114661647,-1.242123570543551
916,10_114661647_117764423,-12.868359053970886
917,10_117764423_118831841,-0.4217870863730157
918,10_118831841_120647811,-0.8539429653791274
919,10_120647811_121471951,-0.019074421782261708
920,10_121471951_122141030,-0.8408744558299954
921,10_122141030_124109830,-8.939352716753323
922,10_126312529_127356098,-2184.043353956238
923,10_127356098_129046020,-4.8331169300865575
924,10_129046020_129943063,-0.5289600947081448
925,10_129943063_130781981,-0.3164591796811624
926,10_130781981_132522825,-13.54668354507162
927,10_132522825_132681169,-0.173085799936888
928,10_132681169_133786540,-23.16085138015244
929,11_3644251_4725479,-7.301176720994656
930,11_4725479_6301639,-10.21131753174545
931,11_6301639_7415470,-1.5768276650113506
932,11_7415470_8311727,-2.3792048961702177
933,11_8311727_9065770,-0.5643775728246101
934,11_9065770_10930480,-4.166283862148408
935,11_10930480_12542682,-6.962778472454021
936,11_12542682_13351577,-0.6152499365976538
937,11_13351577_15721006,-6.568968083033991
938,11_15721006_17556855,-2.315005519653817
939,11_20995592_22352596,-7.76618566607695
940,11_22352596_24066971,-0.26487852512216836
941,11_24066971_26024206,-0.5510854698353613
942,11_26024206_26998914,-0.7583306116142723
943,11_26998914_28460046,-0.744970019030376
944,11_28460046_30119810,-1.0986666528030269
945,11_30119810_32255355,-0.8228688445609752
946,11_32255355_33937192,-1.068020523327875
947,11_33937192_35481057,-3.3337605806395216
948,11_35481057_37095265,-1.1271840305197511
949,11_39360453_42288453,-1.1415820917007469
950,11_42288453_44672249,-1.7062289645308475
951,11_44672249_46984586,-2.4357664906674503
952,11_58690022_59013076,-0.25679343686106637
953,11_62456299_64037097,-2.101120213333667
954,11_64037097_66131160,-2.0029119599298717
955,11_66131160_68238358,-14.152310721938202
956,11_68238358_69701362,-2.167937554515839
957,11_69701362_71215246,-3.706728686770107
958,11_71215246_72574973,-100.98206214882971
959,11_72574973_74701306,-4.431300218958273
960,11_74701306_77086163,-45.476534561829354
961,11_77086163_78644013,-1.286509606583118
962,11_78644013_81011330,-0.5975446237779648
963,11_81555670_84670229,-17.37020267149225
964,11_86908259_87719343,-0.5636322393265368
965,11_87719343_89475768,-0.9908069530989188
966,11_89475768_91233322,-0.9214854173604156
967,11_92343978_93542991,-0.7543867921225782
968,11_93542991_94509094,-0.7040745777964238
969,11_94509094_95992877,-4.35185928407801
970,11_95992877_97186058,-0.381954675241736
971,11_98834335_100546438,-98.56951509990516
972,11_100546438_101460390,-2.9993406089348698
973,11_104088908_105002557,-0.9181201701926096
974,11_105002557_106650168,-0.9042425214205576
975,11_106650168_107973474,-1.2022095458656703
976,11_107973474_108566310,-0.19720388029244074
977,11_108566310_109995390,-1.7900415812297112
978,11_109995390_111243672,-0.38467381654768007
979,11_111243672_112588765,-0.414400754931178
980,11_112588765_114387006,-1.2159601843533276
981,11_114387006_114959946,-93.5559660237114
982,11_114959946_116512631,-0.11098560167501596
983,11_116512631_117876395,-1.6217205876304732
984,11_117876395_119344766,-1.563166944082958
985,11_119344766_120896097,-3.3873620536058318
986,11_120896097_121305234,-0.5111402754011515
987,11_121305234_122721202,-2.3093000379768434
988,11_122721202_123629409,-1.7221320141041478
989,11_123629409_124625632,-1.1969459603353274
990,11_124625632_126441425,-9.625441831503652
991,11_126441425_127446784,-0.5145028316274084
992,11_128318642_130472680,-92.32869017980407
993,11_130472680_131204717,0.1489619531917817
994,11_133130151_134336099,-5.344852063064005
995,11_134336099_135076558,-0.13650762919367626
996,12_44631_971165,-2.0136870684239643
997,12_971165_2435620,-14.568855547294806
998,12_2435620_3567871,-234.96879433432824
999,12_3567871_4308513,-1.7997734322867902
1000,12_4308513_5212306,-0.7090024684603279
1001,12_5212306_6310587,-1.5809600362671774
1002,12_6310587_8224940,-7.616674078189708
1003,12_8224940_8878799,-8.240216646191215
1004,12_8878799_10328935,-9.391804527083524
1005,12_10328935_11601912,-7.612773019289601
1006,12_11601912_12580594,-1.2974798681638857
1007,12_12580594_15088550,-9.871318007850004
1008,12_15088550_16157526,-0.29248921842203257
1009,12_16157526_17934939,-0.2082061352126332
1010,12_23667700_25218149,-7.7161629159471845
1011,12_27646840_29498322,-20.33515845728614
1012,12_29498322_30359473,-0.2313734021551514
1013,12_30359473_32012658,-2.634437072197643
1014,12_32012658_32924055,-0.9823998243712673
1015,12_32924055_37462915,-0.2329128092130101
1016,12_37462915_38833367,-0.1930460589364345
1017,12_38833367_40422383,-1.3694094691293472
1018,12_40422383_41264784,-1.055846940336591
1019,12_41264784_43590671,-17.50484258516162
1020,12_43590671_45630446,-1.0240065917112056
1021,12_45630446_47321010,-0.9092983652977364
1022,12_47321010_48608083,-0.7513813296184781
1023,12_48608083_51382710,-47.54699677135235
1024,12_51382710_52645220,-1.9386920333952158
1025,12_52645220_54385039,-5.99653753524357
1026,12_54385039_55272053,-0.43832231002758093
1027,12_55272053_57155077,-1.361333864499745
1028,12_57155077_58914885,-4.397967664699048
1029,12_58914885_60729948,-0.5852588358862614
1030,12_60729948_63638681,-1.8840147245703296
1031,12_63638681_65165915,-2.916325804197644
1032,12_65165915_66787364,-3.841931741009944
1033,12_66787364_67515949,-0.8251519386418534
1034,12_67515949_69432762,-3.9876917976749775
1035,12_69432762_70564207,-1.7474002852018806
1036,12_70564207_72251295,-6.03679312878012
1037,12_72251295_73424674,-1.153821082928303
1038,12_73424674_76117534,-2.3765271795214553
1039,12_76117534_78176790,-5.5747180245570025
1040,12_78176790_80054370,-9.416583278646433
1041,12_80054370_81073988,-0.8905486994473026
1042,12_81073988_83108887,-6.248632313142843
1043,12_83108887_83910065,-0.30456869959477983
1044,12_83910065_85596648,-0.09074571361368675
1045,12_85596648_89288345,-21.97413275630694
1046,12_89288345_91672378,-1.6945725123231163
1047,12_91672378_94120791,-8.50932213277017
1048,12_94120791_95627009,-3.0598205516244037
1049,12_95627009_96715061,-1.3230923285053882
1050,12_98912209_101053863,-14.263970345811998
1051,12_101053863_101468912,-0.5922518172336328
1052,12_101468912_102571208,-0.4789180074438052
1053,12_102571208_104454918,-2.2033211308323883
1054,12_104454918_106042435,-0.9118079226858218
1055,12_106042435_106564970,-0.3120389337675169
1056,12_106564970_108632125,-5.27822151405019
1057,12_108632125_109898914,-1.303531408645181
1058,12_109898914_112825713,-1.1027821629250898
1059,12_112825713_113548904,-0.5634365932097275
1060,12_113548904_114598797,-0.40972474951353544
1061,12_114598797_115065411,-0.03156517144613944
1062,12_115065411_116649666,-0.3498261180389517
1063,12_116649666_117697570,-1.8519613773953356
1064,12_117697570_119316305,-37.29129181042197
1065,12_119316305_121569746,-83.8234047720642
1066,12_121569746_124493434,-6.675568457655598
1067,12_124493434_125960959,-9.26350235785023
1068,12_127390553_128752752,-0.4203850125176006
1069,12_128752752_129893376,-4.872689948626744
1070,12_131302206_132236187,-0.7547306062084921
1071,12_132236187_133264925,-2.6399496984152164
1072,13_18445873_20112581,-2.3132243856865857
1073,13_20112581_21668035,-3.0661945046782058
1074,13_21668035_23020563,-0.028594936253106117
1075,13_23020563_23957798,-0.844836968106667
1076,13_23957798_25210224,-8.029214087114287
1077,13_25210224_26710225,-2.0510403067154153
1078,13_26710225_28683414,-28.69910966234081
1079,13_28683414_29909130,-1.3803538041468548
1080,13_29909130_31727678,-1.4340475452215147
1081,13_31727678_33202766,-1.9309367163060323
1082,13_33202766_34452327,-0.6384342368086724
1083,13_34452327_35472230,-0.3015724283124298
1084,13_35472230_36924048,-3.3308134469414163
1085,13_36924048_38304026,-0.7466526714748902
1086,13_38304026_40495126,-1.5768823464394681
1087,13_40495126_42526891,-2.71519067819733
1088,13_42526891_44327273,-2.8887831343485146
1089,13_44327273_45921079,-1.7346778940324292
1090,13_45921079_46856944,-0.7604557595556457
1091,13_46856944_48809826,-3.565592526455015
1092,13_48809826_51016955,-6.37260939881593
1093,13_51016955_52765487,-2.9514411057575827
1094,13_52765487_54108729,-0.1526404225211971
1095,13_56980083_57836492,-0.06413402832543827
1096,13_58728137_60280644,-0.3025542605352325
1097,13_60280644_61017815,-0.08999535152470632
1098,13_61017815_63397426,-0.0190808166802539
1099,13_64626470_67270321,-0.7178782886769645
1100,13_67270321_70150384,-0.11303754421038725
1101,13_70952659_73359952,-2.0192487963197467
1102,13_73359952_75096006,-1.5747265330404576
1103,13_75096006_76836420,-0.36405672228041996
1104,13_76836420_78234678,-0.5574765239545495
1105,13_78234678_80011541,-0.5635706873694902
1106,13_80011541_82007679,-0.024234825345591248
1107,13_85036781_87907627,-5.318457637866844
1108,13_89869057_92477438,-1.3770400471176587
1109,13_92477438_92934202,-1.3770400471176587
1110,13_95435304_96866956,-1.0086671640416132
1111,13_96866956_98286665,-2.6361798014623297
1112,13_98286665_99921841,-4.752747312672115
1113,13_99921841_101648173,-8.844951389797588
1114,13_101648173_103414360,-5.028538137044938
1115,13_106097651_107537529,-3.568241723370454
1116,13_107537529_108468862,-3.3320124061105667
1117,13_108468862_109162764,-0.880744796619274
1118,13_110579726_111595245,-0.7859027493920048
1119,13_111595245_112918174,-22.61466822444782
1120,13_112918174_114344378,-10.711484927785675
1121,14_21121243_22549721,-0.4520462768294261
1122,14_22549721_24435917,-16.610419394775086
1123,14_24435917_25666480,-0.33859081726611095
1124,14_25666480_27997327,-0.037936909174194344
1125,14_29502939_31914059,-6.415580745117002
1126,14_34377045_35390387,-1.942872072880137
1127,14_35390387_38198520,-7.7795729201151405
1128,14_38198520_39872786,-1.312553412502891
1129,14_41146299_42668186,-0.06239356732914092
1130,14_44074024_45612693,-0.07146871997904655
1131,14_46279927_48104383,-0.6967785447782998
1132,14_48536268_50041042,-0.09638630180430793
1133,14_50041042_51026854,-0.850305132356248
1134,14_51026854_53007665,-16.53639646659682
1135,14_53007665_53531113,-0.04130981461318517
1136,14_53531113_54766963,-0.8062998787882807
1137,14_54766963_55750162,-0.8191784544268412
1138,14_55750162_57014544,-0.3983788004062837
1139,14_57014544_58981618,-0.9119054909162128
1140,14_58981618_61213706,-4.5306749928117345
1141,14_61213706_63323296,-3.7901781062935442
1142,14_63323296_64753580,-0.8958563671073894
1143,14_64753580_65932837,-0.5475250704517599
1144,14_65932837_67525600,-0.3679115078981912
1145,14_70665240_72422907,-7.0672187682166525
1146,14_75978424_76763129,-1.0965838792793785
1147,14_76763129_78095602,-3.108222006238676
1148,14_78095602_79720236,-1.185924383456223
1149,14_79720236_81113370,-22.442198922048473
1150,14_81113370_82671753,-0.3893076683865593
1151,14_85279975_86180658,-0.07665779281799123
1152,14_87168997_89031299,-0.9873775009852459
1153,14_89031299_90830516,-6.618480384891572
1154,14_90830516_92665954,-23.06107154261948
1155,14_92665954_93858939,-2.0922230509283746
1156,14_93858939_95284530,-11.365436233992765
1157,14_95284530_95796078,-0.6039814477265862
1158,14_95796078_97874825,-0.6839415378835821
1159,14_98672195_101067970,-27.624710396235525
1160,14_101067970_102545765,-0.7099549002132424
1161,14_102545765_104535386,-10.977523146132295
1162,14_104535386_105874495,-1.6917306011459323
1163,15_23949980_24863443,-0.3645440607917926
1164,15_29046299_29873365,-1.2242898384419818
1165,15_31299618_32149610,-0.7590292123722909
1166,15_33723224_34791050,-8.878185972949424
1167,15_34791050_37164301,-34.20138398121122
1168,15_37164301_38238576,-0.026667606655494436
1169,15_38238576_40091931,-6.310027244765938
1170,15_40091931_40885316,-0.4869489523234726
1171,15_40885316_42484201,-1.473968736701973
1172,15_42484201_43905851,-0.6513532730464199
1173,15_43905851_46326589,-1.0919568005108657
1174,15_46326589_47843851,-0.3069279685217431
1175,15_47843851_49715846,-0.7141382274832546
1176,15_49715846_51385363,-1.5067072732558917
1177,15_51385363_52776899,-1.2985569415717495
1178,15_52776899_54216331,-8.944248430648967
1179,15_54216331_54844071,-0.5203222274917575
1180,15_54844071_56609575,-2.030228151552877
1181,15_56609575_58149167,-7.312841037804541
1182,15_58149167_59401917,-2.7262871626257086
1183,15_59401917_60973637,-11.751201370840572
1184,15_60973637_62923023,-22.87971612945571
1185,15_62923023_64812469,-1.3010103474602874
1186,15_64812469_66802429,-3.3802339185938335
1187,15_66802429_68725660,-1.7315525923500221
1188,15_68725660_69841002,-0.524765038433069
1189,15_69841002_71630310,-4.994700803798655
1190,15_71630310_73336373,-44.56658809396162
1191,15_73336373_76106283,-9.05755314967524
1192,15_76106283_78223711,-9.70749662749007
1193,15_86109674_87826712,-0.8587318580159687
1194,15_87826712_89932319,-62.9425868718772
1195,15_89932319_91621162,-1.665635448261975
1196,15_91621162_93237673,-2.976548239177294
1197,15_93237673_94381101,-0.22636943691813563
1198,15_94381101_95598367,-0.22636943691813563
1199,15_95598367_97487680,-0.02833738660111056
1200,15_97487680_98700830,-1.9741114349610598
1201,15_98700830_100096642,-276.3580884758818
1202,15_100096642_101012489,-7.174993740511582
1203,15_101012489_101980763,-1.8038281021982125
1204,16_10054_1157206,-411.07327013065094
1205,16_1157206_2714828,-9.560018429453985
1206,16_2714828_3951195,-1.086740006847063
1207,16_3951195_5068344,-1.3117260725507058
1208,16_8288517_9705562,-0.9311580698950321
1209,16_9705562_10332175,-0.7690230971849795
1210,16_10332175_11426305,-2.1427729452005266
1211,16_11426305_12519241,-1.4010791286994408
1212,16_12519241_13060580,-4.599772752880354
1213,16_13060580_14370145,-1.9303871061037037
1214,16_17550892_18632285,-0.001197875775303414
1215,16_18632285_20139249,-1.3290327759176832
1216,16_20139249_22437583,-144.29616055051676
1217,16_22437583_24125554,-157.35063548832062
1218,16_25975541_27434434,-8.14344127486127
1219,16_27434434_29025292,-16.44618886847897
1220,16_29025292_31371622,-2.5910417845081954
1221,16_34586599_48974015,-0.8219100723534275
1222,16_48974015_52001911,-2.7848095412906155
1223,16_52001911_53348660,-0.4988385112874088
1224,16_55869862_57630418,-4.809068841476481
1225,16_57630418_59011501,-1.0733441897326217
1226,16_60711790_62195945,-0.19464609629020937
1227,16_63657685_65904663,-0.06999487176444878
1228,16_65904663_68807460,-1.4539182471413912
1229,16_74937605_75944056,-0.9338157867610603
1230,16_75944056_77489781,-1.9454931016591623
1231,16_78422395_79100918,-53769.892545837814
1232,16_80263477_81738931,-3.8769174201684145
1233,16_82714123_83443603,-19.74074354436049
1234,16_84412277_85115079,-2.448393907780248
1235,16_85115079_86122993,-1.673835619395748
1236,16_86122993_86781805,-0.0528911733883668
1237,16_86781805_87613743,-0.8029993592416433
1238,16_88974757_90226404,-0.18071194402793833
1239,17_1269105_2025437,-1.3848029618700681
1240,17_3799018_4792966,-3.174309682312986
1241,17_4792966_5838014,-0.47583208357607915
1242,17_5838014_7414079,-9.728984064363104
1243,17_7414079_8403107,-0.9879779062783708
1244,17_8403107_10062604,-7.166138892737999
1245,17_10062604_11199498,-1.5639462880393973
1246,17_11199498_12631452,-0.7479387536055581
1247,17_12631452_13277055,-0.2552554477357674
1248,17_13277055_13991320,-0.030297676979564335
1249,17_13991320_15115780,-0.33175222595716847
1250,17_15115780_16509028,-29.61200335472795
1251,17_29007226_31459473,-3.0323615377591175
1252,17_33211407_34585779,-23.07888880997435
1253,17_34585779_36141651,-1.2792164482152
1254,17_38653091_40721152,-2.1481086414954556
1255,17_40721152_41743558,-1.270708694155283
1256,17_41743558_43694719,-27.549694320850016
1257,17_43694719_44979537,-0.8784269887411579
1258,17_47798656_49440038,-2.2574621534853567
1259,17_49440038_51821597,-7.425869129618242
1260,17_51821597_52641695,-0.26726599514361626
1261,17_53748757_55522071,-0.2258654148645313
1262,17_55522071_57280180,-18.10533333700313
1263,17_57280180_59410151,-2.3598972507193983
1264,17_59410151_61235394,-1.2491935865883577
1265,17_61235394_63468228,-4.624150560604809
1266,17_63468228_65152010,-1.1707594221687718
1267,17_65152010_66804312,-3.987500560275796
1268,17_69862629_71391676,-0.07072355110745607
1269,17_74676064_76379479,-2.2546331683968703
1270,17_76379479_78267332,-5.884458601388543
1271,17_78267332_79302554,-90.26070093734265
1272,17_80863788_82076532,-224.21225848052518
1273,17_82076532_83247139,-3.479537333992417
1274,18_10644_912485,-2.7070186555380653
1275,18_5834181_7090486,-2.745093397661015
1276,18_7090486_8498933,-3.5016609505003715
1277,18_11075914_11905441,-4.068643179975593
1278,18_21905883_23069508,-0.4931413968781378
1279,18_23069508_25416687,-4.0109408175001455
1280,18_25416687_26446227,-0.23591079234939602
1281,18_26446227_28347718,-2.4637052826335344
1282,18_30286513_32684103,-2.047665027387916
1283,18_32684103_34200103,-0.7598790802019443
1284,18_34200103_36282001,-3.368638910880666
1285,18_36282001_37495287,-1.1682004509338424
1286,18_37495287_38785526,-0.3353912607754248
1287,18_40104403_42312683,-0.03313061402806259
1288,18_42312683_45342141,-10.984994797085907
1289,18_45342141_46719283,-2.6693848621845833
1290,18_46719283_48413361,-4.54755361577751
1291,18_48413361_50204214,-74.09416469712494
1292,18_53535815_54027805,-78.27284381332147
1293,18_54027805_57546606,-17.038187075150013
1294,18_57546606_58862988,-5.467713454712984
1295,18_58862988_59963251,-2.3028318664573546
1296,18_59963251_61353518,-1.6155922640939973
1297,18_61353518_62610482,-5.441561279592312
1298,18_62610482_64153018,-2.306844741677451
1299,18_64153018_65796166,-0.06470577686508454
1300,18_65796166_66585564,-0.5207519377677631
1301,18_66585564_68458580,-1.0329041595975226
1302,18_68458580_69508584,-1.096148261530198
1303,18_69508584_70953943,-0.8595546242221127
1304,18_71954382_73371239,-0.3019490495228292
1305,18_73371239_74304227,-0.13580586429483726
1306,18_74304227_75815032,-1.5369287305553054
1307,18_75815032_77101859,-3.170360929592424
1308,18_77101859_78216317,-0.37426613489241567
1309,18_78216317_79389991,-0.40774128166926993
1310,19_80840_610729,-0.9308998695153294
1311,19_2098397_3019662,-4.956996801008732
1312,19_3019662_4348970,-5.402708119060117
1313,19_4348970_5811841,-21.731488550713948
1314,19_5811841_6684874,-1.3005427857098362
1315,19_9127717_11173352,-221.90684148724523
1316,19_11173352_13360313,-42.260502221082746
1317,19_13360313_14375535,-1.2080583540602796
1318,19_14375535_15537799,-2.7415520953116106
1319,19_15537799_16263605,-7.536574033301757
1320,19_16263605_18299052,-11.299944192329928
1321,19_18299052_19766662,-1.1013033943421229
1322,19_19766662_20722951,-1066.247406423325
1323,19_20722951_22550094,-20.222802642408972
1324,19_22550094_23284944,-0.3025227090369821
1325,19_23284944_28066986,-1.2651898645755755
1326,19_28066986_29300040,-0.018376731970594216
1327,19_29300040_30237047,-1.425972104095433
1328,19_30237047_32255614,-0.5088764820139765
1329,19_32255614_33772047,-2.3655043178948687
1330,19_35978393_37036131,-1.2003157587367936
1331,19_37036131_39679979,-7.196928154082928
1332,19_39679979_40478694,-0.6926145967388831
1333,19_40478694_41625199,-2.1271522252879174
1334,19_41625199_43358303,-4.4454793272669715
1335,19_43358303_44239955,-1.0572042605540841
1336,19_44239955_45599439,-4.315598670845611
1337,19_45599439_46646825,-1.4241828082273873
1338,19_51029311_52482037,-274.72139800382945
1339,19_57009967_58607472,-2.2021935391644676
1340,20_79838_716956,-0.5880752536991766
1341,20_2488855_3847766,-4.706300482459014
1342,20_3847766_5497204,-23.838970493969647
1343,20_5497204_7103426,-2.8724477791383847
1344,20_7103426_8136364,-1.0565086972310855
1345,20_8136364_9750273,-2.240817750619438
1346,20_9750273_11268888,-0.6467597517062498
1347,20_11268888_12466851,-0.03030640839627714
1348,20_12466851_13709217,-0.4672173786034512
1349,20_13709217_15977714,-22.571497932274795
1350,20_17506587_18991559,-2.86151959675826
1351,20_18991559_20979069,-1.7303955900568404
1352,20_20979069_22510818,-0.14845870768154906
1353,20_22510818_23313153,-0.037414631571933386
1354,20_23313153_24737088,-2.1311156734786563
1355,20_24737088_25363595,-0.3059635507603096
1356,20_33027017_34225635,-0.43782415786585444
1357,20_34225635_36332043,-3.0653551289078047
1358,20_36332043_38281128,-4.988397623924372
1359,20_38281128_39808119,-0.508129720525975
1360,20_39808119_40982216,-0.025682034075456085
1361,20_40982216_41957049,-0.2765331964688759
1362,20_41957049_42986820,-1.4565963643898896
1363,20_42986820_44051536,-21.55122943226184
1364,20_44051536_46210417,-24.389046527894212
1365,20_46210417_48583442,-4.295673287959279
1366,20_48583442_50623121,-5.628791719362098
1367,20_53856010_55438728,-1.5978253588527997
1368,20_55438728_57872903,-129.24170402277812
1369,20_57872903_59831517,-51.482937813799296
1370,20_59831517_60986668,-0.2282804419565183
1371,20_60986668_62670503,-6.2504473456867045
1372,20_62670503_63558827,-5.571360949418773
1373,20_63558827_64333810,-1.1681704133516835
1374,21_14578661_16680846,-1.1694694274057693
1375,21_16680846_18108057,-0.5924828053703242
1376,21_18108057_19590025,-0.5667672017718545
1377,21_20700449_21990556,-0.2774855617889671
1378,21_25096809_25898707,-0.2898343207703747
1379,21_25898707_27752907,-1.3070362040643098
1380,21_27752907_29824708,-0.6896599384292038
1381,21_29824708_31296327,-11.75055882260553
1382,21_31296327_33004691,-9.94392074647379
1383,21_33004691_33853161,-0.6807918099038069
1384,21_33853161_35152076,-12.537829920787798
1385,21_35152076_36498481,-6.970714994835444
1386,21_36498481_37339402,-0.802094540519354
1387,21_37339402_39110976,-2.2443878798269346
1388,21_39110976_40017600,-18.116663502173186
1389,21_41901419_43086158,-13.861135517671233
1390,21_43086158_44757190,-18.642437240707427
1391,21_44757190_46072312,-4.546531957121521
1392,21_46072312_46699840,-0.78296707620732
1393,22_17193405_17813322,-0.7553375415321143
1394,22_22002927_23370460,-1.5014120542113354
1395,22_23370460_24588236,-2.884270868927339
1396,22_26395662_27438791,-0.09592899083071567
1397,22_27438791_29255810,-1.0892428332277206
1398,22_29255810_31043932,-2.362598166207351
1399,22_31043932_32268999,-1.2679550841963276
1400,22_32268999_34098925,-1.3998411796757584
1401,22_34098925_35134992,-0.043106530422167964
1402,22_35134992_37174229,-15.21791265636551
1403,22_37174229_38911889,-2.5487946753601065
1404,22_38911889_40149793,-1.331604753142978
1405,22_40149793_42294812,-2.177798592032216
1406,22_42294812_43318194,-2.5432666039068423
1407,22_43318194_44599428,-2.446642721188777
1408,22_44599428_46074615,-11.23870942600949
1409,22_46074615_47200568,-1.3621820559526683
1410,22_49430885_50804870,-3.190774504807049
